znacznik_czasu,hurt_pb95_netto,hurt_pb98_netto,hurt_on_netto,brent_usd,kurs_usd,koszt_surowca_zl_l,sygnal
2026-09-08T11:39:32+00:00,6.262,7.041,7.047,,3.7167,,START
2026-09-08T11:53:44+00:00,6.262,7.041,7.047,98.6,3.7167,2.305,SPOKOJ
2026-09-08T12:04:17+00:00,6.262,7.041,7.047,98.66,3.7167,2.306,SPOKOJ
2026-09-08T12:05:56+00:00,6.262,7.041,7.047,98.68,3.7167,2.307,SPOKOJ
2026-09-08T12:13:40+00:00,6.262,7.041,7.047,98.58,3.7167,2.305,SPOKOJ
2026-09-08T12:16:48+00:00,6.262,7.041,7.047,98.59,3.7167,2.305,SPOKOJ
2026-09-08T12:41:13+00:00,6.262,7.041,7.047,98.32,3.7167,2.298,SPOKOJ
2026-09-08T13:04:38+00:00,6.262,7.041,7.047,98.15,3.7167,2.294,SPOKOJ
2026-09-08T14:04:13+00:00,6.262,7.041,7.047,98.09,3.7167,2.293,SPOKOJ
2026-09-08T15:04:49+00:00,,,,97.72,3.7167,2.284,SPOKOJ
2026-09-08T16:03:53+00:00,6.262,7.041,7.047,97.36,3.7167,2.276,SPOKOJ
2026-09-08T17:03:09+00:00,6.262,7.041,7.047,97.34,3.7167,2.276,SPOKOJ
2026-09-08T18:04:00+00:00,6.262,7.041,7.047,97.19,3.7167,2.272,SPOKOJ
2026-09-08T19:03:49+00:00,6.262,7.041,7.047,98.67,3.7167,2.307,SPOKOJ
2026-09-09T03:03:22+00:00,6.195,6.969,7.032,99.32,3.7167,2.322,CZEKAJ
2026-09-09T04:03:28+00:00,6.195,6.969,7.032,99.3,3.7167,2.321,SPOKOJ
2026-09-09T05:03:18+00:00,6.195,6.969,7.032,99.11,3.7167,2.317,SPOKOJ
2026-09-09T06:03:55+00:00,6.195,6.969,7.032,98.87,3.7167,2.311,SPOKOJ
2026-09-09T07:04:44+00:00,6.195,6.969,7.032,99.49,3.7167,2.326,SPOKOJ
2026-09-09T08:03:42+00:00,,,,99.91,3.7167,2.336,SPOKOJ
2026-09-09T09:03:36+00:00,,,,99.99,3.7167,2.338,SPOKOJ
2026-09-09T10:03:55+00:00,,,,100.64,3.7111,2.349,SPOKOJ
2026-09-09T11:03:13+00:00,6.195,6.969,7.032,100.37,3.7111,2.343,SPOKOJ
2026-09-09T12:04:34+00:00,,,,100.55,3.7111,2.347,SPOKOJ
2026-09-09T13:04:17+00:00,,,,100.65,3.7111,2.349,SPOKOJ
2026-09-09T14:02:57+00:00,6.195,6.969,7.032,100.68,3.7111,2.35,SPOKOJ
2026-09-09T15:03:02+00:00,6.195,6.969,7.032,101.09,3.7111,2.36,SPOKOJ
2026-09-09T16:03:36+00:00,,,,101.2,3.7111,2.362,SPOKOJ
2026-09-09T17:03:09+00:00,6.195,6.969,7.032,100.69,3.7111,2.35,SPOKOJ
2026-09-09T18:04:03+00:00,6.195,6.969,7.032,100.75,3.7111,2.352,SPOKOJ
2026-09-09T19:02:55+00:00,6.195,6.969,7.032,101.48,3.7111,2.369,SPOKOJ
2026-09-10T03:03:05+00:00,6.113,6.882,7.052,101.07,3.7111,2.359,CZEKAJ
2026-09-10T04:03:03+00:00,6.113,6.882,7.052,101.0,3.7111,2.358,SPOKOJ
2026-09-10T05:03:22+00:00,6.113,6.882,7.052,101.06,3.7111,2.359,SPOKOJ
2026-09-10T06:04:33+00:00,6.113,6.882,7.052,100.57,3.7111,2.348,SPOKOJ
2026-09-10T07:04:45+00:00,6.113,6.882,7.052,100.66,3.7111,2.35,SPOKOJ
2026-09-10T08:03:11+00:00,6.113,6.882,7.052,101.37,3.7111,2.366,SPOKOJ
2026-09-10T09:03:09+00:00,6.113,6.882,7.052,102.15,3.7111,2.384,SPOKOJ
2026-09-10T10:03:11+00:00,6.113,6.882,7.052,102.38,3.7103,2.389,SPOKOJ
2026-09-10T11:03:23+00:00,6.113,6.882,7.052,101.77,3.7103,2.375,SPOKOJ
2026-09-10T12:04:03+00:00,6.113,6.882,7.052,102.64,3.7103,2.395,SPOKOJ
2026-09-10T13:03:50+00:00,6.113,6.882,7.052,105.17,3.7103,2.454,SPOKOJ
2026-09-10T14:03:04+00:00,6.113,6.882,7.052,104.57,3.7103,2.44,SPOKOJ
2026-09-10T15:03:15+00:00,6.113,6.882,7.052,105.29,3.7103,2.457,SPOKOJ
2026-09-10T16:03:22+00:00,6.113,6.882,7.052,106.56,3.7103,2.487,SPOKOJ
2026-09-10T17:03:19+00:00,,,,106.92,3.7103,2.495,SPOKOJ
2026-09-10T18:03:43+00:00,6.113,6.882,7.052,107.42,3.7103,2.507,SPOKOJ
2026-09-10T19:02:34+00:00,6.113,6.882,7.052,106.92,3.7103,2.495,SPOKOJ
2026-09-11T03:03:02+00:00,6.078,6.845,7.167,107.8,3.7103,2.516,TANKUJ
2026-09-11T04:03:17+00:00,6.078,6.845,7.167,108.68,3.7103,2.536,SPOKOJ
2026-09-11T05:03:21+00:00,6.078,6.845,7.167,107.5,3.7103,2.509,SPOKOJ
2026-09-11T06:03:49+00:00,6.078,6.845,7.167,105.61,3.7103,2.465,SPOKOJ
2026-09-11T07:04:19+00:00,6.078,6.845,7.167,105.94,3.7103,2.472,SPOKOJ
2026-09-11T08:03:11+00:00,6.078,6.845,7.167,105.95,3.7103,2.473,SPOKOJ
2026-09-11T09:02:51+00:00,6.078,6.845,7.167,104.57,3.7103,2.44,SPOKOJ
2026-09-11T10:03:03+00:00,6.078,6.845,7.167,104.02,3.7267,2.438,SPOKOJ
2026-09-11T11:03:18+00:00,6.078,6.845,7.167,103.54,3.7267,2.427,SPOKOJ
2026-09-11T12:03:56+00:00,6.078,6.845,7.167,103.98,3.7267,2.437,SPOKOJ
2026-09-11T13:02:59+00:00,6.078,6.845,7.167,104.5,3.7267,2.45,SPOKOJ
2026-09-11T14:03:15+00:00,6.078,6.845,7.167,104.25,3.7267,2.444,SPOKOJ
2026-09-11T15:03:12+00:00,6.078,6.845,7.167,104.46,3.7267,2.449,SPOKOJ
2026-09-11T16:03:39+00:00,6.078,6.845,7.167,104.77,3.7267,2.456,SPOKOJ
2026-09-11T17:02:41+00:00,6.078,6.845,7.167,105.01,3.7267,2.461,SPOKOJ
2026-09-11T18:03:23+00:00,6.078,6.845,7.167,104.55,3.7267,2.451,SPOKOJ
2026-09-11T19:03:09+00:00,6.078,6.845,7.167,104.91,3.7267,2.459,SPOKOJ
2026-09-12T03:02:56+00:00,6.123,6.893,7.278,104.42,3.7267,2.448,TANKUJ
2026-09-12T04:02:58+00:00,6.123,6.893,7.278,104.42,3.7267,2.448,SPOKOJ
2026-09-12T05:03:10+00:00,6.123,6.893,7.278,104.61,3.7267,2.452,SPOKOJ
2026-09-12T06:03:45+00:00,6.123,6.893,7.278,104.61,3.7267,2.452,SPOKOJ
2026-09-12T07:02:58+00:00,6.123,6.893,7.278,104.61,3.7267,2.452,SPOKOJ
2026-09-12T08:03:11+00:00,6.123,6.893,7.278,104.61,3.7267,2.452,SPOKOJ
2026-09-12T09:03:07+00:00,6.123,6.893,7.278,104.61,3.7267,2.452,SPOKOJ
2026-09-12T10:03:14+00:00,6.123,6.893,7.278,104.61,3.7267,2.452,SPOKOJ
2026-09-12T11:03:02+00:00,6.123,6.893,7.278,104.61,3.7267,2.452,SPOKOJ
2026-09-12T12:03:36+00:00,6.123,6.893,7.278,104.61,3.7267,2.452,SPOKOJ
2026-09-12T13:02:51+00:00,6.123,6.893,7.278,104.61,3.7267,2.452,SPOKOJ
2026-09-12T14:02:55+00:00,6.123,6.893,7.278,104.61,3.7267,2.452,SPOKOJ
2026-09-12T15:02:53+00:00,6.123,6.893,7.278,104.61,3.7267,2.452,SPOKOJ
2026-09-12T16:03:07+00:00,6.123,6.893,7.278,104.61,3.7267,2.452,SPOKOJ
2026-09-12T17:02:38+00:00,6.123,6.893,7.278,104.61,3.7267,2.452,SPOKOJ
2026-09-12T18:03:20+00:00,6.123,6.893,7.278,104.61,3.7267,2.452,SPOKOJ
2026-09-12T19:02:40+00:00,6.123,6.893,7.278,104.61,3.7267,2.452,SPOKOJ
2026-09-13T03:02:49+00:00,6.123,6.893,7.278,104.61,3.7267,2.452,SPOKOJ
2026-09-13T04:03:17+00:00,6.123,6.893,7.278,104.61,3.7267,2.452,SPOKOJ
2026-09-13T05:03:12+00:00,6.123,6.893,7.278,104.61,3.7267,2.452,SPOKOJ
2026-09-13T06:04:55+00:00,6.123,6.893,7.278,104.61,3.7267,2.452,SPOKOJ
2026-09-13T07:03:14+00:00,6.123,6.893,7.278,104.61,3.7267,2.452,SPOKOJ
2026-09-13T08:03:02+00:00,6.123,6.893,7.278,104.61,3.7267,2.452,SPOKOJ
2026-09-13T09:23:23+00:00,6.123,6.893,7.278,104.61,3.7267,2.452,SPOKOJ
2026-09-13T10:11:13+00:00,6.123,6.893,7.278,104.61,3.7267,2.452,SPOKOJ
2026-09-13T11:02:46+00:00,6.123,6.893,7.278,104.61,3.7267,2.452,SPOKOJ
2026-09-13T12:03:31+00:00,6.123,6.893,7.278,104.61,3.7267,2.452,SPOKOJ
2026-09-13T13:02:49+00:00,6.123,6.893,7.278,104.61,3.7267,2.452,SPOKOJ
2026-09-13T14:03:09+00:00,6.123,6.893,7.278,104.61,3.7267,2.452,SPOKOJ
2026-09-13T15:03:11+00:00,6.123,6.893,7.278,104.61,3.7267,2.452,SPOKOJ
2026-09-13T16:03:02+00:00,6.123,6.893,7.278,104.61,3.7267,2.452,SPOKOJ
2026-09-13T17:03:07+00:00,6.123,6.893,7.278,104.61,3.7267,2.452,SPOKOJ
2026-09-13T18:03:43+00:00,6.123,6.893,7.278,104.61,3.7267,2.452,SPOKOJ
2026-09-13T19:03:14+00:00,6.123,6.893,7.278,104.61,3.7267,2.452,SPOKOJ
2026-09-14T03:03:20+00:00,6.123,6.893,7.278,107.44,3.7267,2.518,SPOKOJ
2026-09-14T04:03:15+00:00,6.123,6.893,7.278,108.0,3.7267,2.532,SPOKOJ
2026-09-14T05:02:46+00:00,6.123,6.893,7.278,107.25,3.7267,2.514,SPOKOJ
2026-09-14T06:04:35+00:00,6.123,6.893,7.278,107.01,3.7267,2.508,SPOKOJ
2026-09-14T07:04:52+00:00,6.123,6.893,7.278,107.34,3.7267,2.516,SPOKOJ
2026-09-14T08:03:35+00:00,6.123,6.893,7.278,107.87,3.7267,2.529,SPOKOJ
2026-09-14T09:04:41+00:00,6.123,6.893,7.278,108.15,3.7267,2.535,SPOKOJ
2026-09-14T10:03:32+00:00,6.123,6.893,7.278,107.5,3.7607,2.543,SPOKOJ
2026-09-14T11:03:27+00:00,6.123,6.893,7.278,107.41,3.7607,2.541,SPOKOJ
2026-09-14T12:04:10+00:00,6.123,6.893,7.278,108.46,3.7607,2.566,SPOKOJ
2026-09-14T13:06:27+00:00,,,,109.07,3.7607,2.58,SPOKOJ
2026-09-14T14:03:30+00:00,,,,109.07,3.7607,2.58,SPOKOJ
2026-09-14T15:05:30+00:00,6.123,6.893,7.278,108.63,3.7607,2.57,SPOKOJ
2026-09-14T16:03:11+00:00,6.123,6.893,7.278,107.41,3.7607,2.541,SPOKOJ
2026-09-14T17:02:47+00:00,6.123,6.893,7.278,105.81,3.7607,2.503,SPOKOJ
2026-09-14T18:03:34+00:00,6.123,6.893,7.278,105.82,3.7607,2.503,SPOKOJ
2026-09-14T19:04:22+00:00,6.123,6.893,7.278,104.9,3.7607,2.481,SPOKOJ
2026-09-15T03:03:38+00:00,6.395,7.174,7.388,107.18,3.7607,2.535,TANKUJ
2026-09-15T04:03:38+00:00,6.395,7.174,7.388,107.08,3.7607,2.533,SPOKOJ
2026-09-15T05:03:19+00:00,6.395,7.174,7.388,107.4,3.7607,2.54,SPOKOJ
2026-09-15T06:04:16+00:00,6.395,7.174,7.388,106.93,3.7607,2.529,SPOKOJ
2026-09-15T07:05:47+00:00,6.395,7.174,7.388,107.69,3.7607,2.547,SPOKOJ
2026-09-15T08:04:06+00:00,6.395,7.174,7.388,102.71,3.7607,2.43,UWAGA
2026-09-15T09:05:32+00:00,6.395,7.174,7.388,102.81,3.7607,2.432,SPOKOJ
2026-09-15T10:04:55+00:00,,,,102.71,3.7667,2.433,SPOKOJ
2026-09-15T11:03:29+00:00,6.395,7.174,7.388,101.71,3.7667,2.41,SPOKOJ
2026-09-15T12:04:32+00:00,,,,101.06,3.7667,2.394,SPOKOJ
2026-09-15T13:04:21+00:00,6.395,7.174,7.388,100.67,3.7667,2.385,SPOKOJ
2026-09-15T14:03:03+00:00,6.395,7.174,7.388,102.07,3.7667,2.418,SPOKOJ
2026-09-15T15:03:40+00:00,6.395,7.174,7.388,103.13,3.7667,2.443,SPOKOJ
2026-09-15T16:03:06+00:00,6.395,7.174,7.388,107.8,3.7667,2.554,UWAGA
2026-09-15T17:02:55+00:00,6.395,7.174,7.388,108.78,3.7667,2.577,SPOKOJ
2026-09-15T18:03:23+00:00,6.395,7.174,7.388,109.37,3.7667,2.591,SPOKOJ
2026-09-15T19:02:38+00:00,6.395,7.174,7.388,108.56,3.7667,2.572,SPOKOJ
2026-09-16T03:03:04+00:00,6.473,7.244,7.489,107.91,3.7667,2.557,TANKUJ
2026-09-16T04:02:56+00:00,6.473,7.244,7.489,108.15,3.7667,2.562,SPOKOJ
2026-09-16T05:03:19+00:00,6.473,7.244,7.489,108.02,3.7667,2.559,SPOKOJ
2026-09-16T06:03:56+00:00,6.473,7.244,7.489,108.33,3.7667,2.567,SPOKOJ
2026-09-16T07:04:12+00:00,6.473,7.244,7.489,107.61,3.7667,2.549,SPOKOJ
2026-09-16T08:03:23+00:00,6.473,7.244,7.489,107.61,3.7667,2.549,SPOKOJ
2026-09-16T09:02:54+00:00,6.473,7.244,7.489,108.02,3.7667,2.559,SPOKOJ
2026-09-16T10:03:16+00:00,6.473,7.244,7.489,107.66,3.7639,2.549,SPOKOJ
2026-09-16T11:03:24+00:00,,,,107.64,3.7639,2.548,SPOKOJ
2026-09-16T12:03:58+00:00,6.473,7.244,7.489,107.13,3.7639,2.536,SPOKOJ
2026-09-16T13:04:59+00:00,6.473,7.244,7.489,107.53,3.7639,2.546,SPOKOJ
2026-09-16T14:04:03+00:00,6.473,7.244,7.489,106.84,3.7639,2.529,SPOKOJ
2026-09-16T15:03:41+00:00,6.473,7.244,7.489,106.2,3.7639,2.514,SPOKOJ
2026-09-16T16:03:49+00:00,6.473,7.244,7.489,105.19,3.7639,2.49,SPOKOJ
2026-09-16T17:02:53+00:00,6.473,7.244,7.489,105.83,3.7639,2.505,SPOKOJ
2026-09-16T18:03:38+00:00,6.473,7.244,7.489,105.51,3.7639,2.498,SPOKOJ
2026-09-16T19:02:52+00:00,,,,105.53,3.7639,2.498,SPOKOJ
2026-09-17T03:03:22+00:00,6.372,7.143,7.563,105.71,3.7639,2.503,CZEKAJ
2026-09-17T04:03:36+00:00,6.372,7.143,7.563,105.77,3.7639,2.504,SPOKOJ
2026-09-17T05:03:18+00:00,6.372,7.143,7.563,105.7,3.7639,2.502,SPOKOJ
2026-09-17T06:03:58+00:00,6.372,7.143,7.563,104.95,3.7639,2.485,SPOKOJ
2026-09-17T07:05:03+00:00,6.372,7.143,7.563,103.98,3.7639,2.462,SPOKOJ
2026-09-17T08:03:33+00:00,6.372,7.143,7.563,104.76,3.7639,2.48,SPOKOJ
2026-09-17T09:03:34+00:00,6.372,7.143,7.563,104.04,3.7639,2.463,SPOKOJ
2026-09-17T10:03:14+00:00,6.372,7.143,7.563,99.97,3.803,2.391,UWAGA
2026-09-17T11:03:24+00:00,6.372,7.143,7.563,99.31,3.803,2.376,SPOKOJ
2026-09-17T12:03:54+00:00,6.372,7.143,7.563,99.14,3.803,2.371,SPOKOJ
2026-09-17T13:04:54+00:00,6.372,7.143,7.563,102.14,3.803,2.443,UWAGA
2026-09-17T14:03:25+00:00,6.372,7.143,7.563,102.86,3.803,2.46,SPOKOJ
2026-09-17T15:03:43+00:00,6.372,7.143,7.563,103.49,3.803,2.476,SPOKOJ
2026-09-17T16:03:32+00:00,6.372,7.143,7.563,103.53,3.803,2.476,SPOKOJ
2026-09-17T17:02:54+00:00,6.372,7.143,7.563,104.51,3.803,2.5,SPOKOJ
2026-09-17T18:03:54+00:00,6.372,7.143,7.563,104.8,3.803,2.507,SPOKOJ
2026-09-17T19:03:08+00:00,6.372,7.143,7.563,104.65,3.803,2.503,SPOKOJ
2026-09-18T03:03:09+00:00,6.366,7.13,7.505,104.04,3.803,2.489,CZEKAJ
2026-09-18T04:03:05+00:00,6.366,7.13,7.505,103.81,3.803,2.483,SPOKOJ
2026-09-18T05:02:50+00:00,6.366,7.13,7.505,103.5,3.803,2.476,SPOKOJ
2026-09-18T06:03:50+00:00,6.366,7.13,7.505,103.48,3.803,2.475,SPOKOJ
2026-09-18T07:03:58+00:00,6.366,7.13,7.505,102.51,3.803,2.452,SPOKOJ
2026-09-18T08:03:13+00:00,6.366,7.13,7.505,98.2,3.803,2.349,UWAGA
2026-09-18T09:03:04+00:00,6.366,7.13,7.505,98.55,3.803,2.357,SPOKOJ
2026-09-18T10:03:26+00:00,6.366,7.13,7.505,98.77,3.7998,2.361,SPOKOJ
2026-09-18T11:03:25+00:00,6.366,7.13,7.505,98.51,3.7998,2.354,SPOKOJ
2026-09-18T12:03:40+00:00,6.366,7.13,7.505,98.58,3.7998,2.356,SPOKOJ
2026-09-18T13:03:00+00:00,6.366,7.13,7.505,98.77,3.7998,2.361,SPOKOJ
2026-09-18T14:03:10+00:00,6.366,7.13,7.505,100.04,3.7998,2.391,SPOKOJ
2026-09-18T15:03:18+00:00,6.366,7.13,7.505,99.5,3.7998,2.378,SPOKOJ
2026-09-18T16:03:03+00:00,6.366,7.13,7.505,99.96,3.7998,2.389,SPOKOJ
2026-09-18T17:03:30+00:00,6.366,7.13,7.505,99.19,3.7998,2.371,SPOKOJ
2026-09-18T18:03:25+00:00,6.366,7.13,7.505,99.15,3.7998,2.37,SPOKOJ
2026-09-18T19:03:34+00:00,6.366,7.13,7.505,98.68,3.7998,2.358,SPOKOJ
2026-09-19T03:03:13+00:00,6.344,7.105,7.522,98.77,3.7998,2.361,CZEKAJ
2026-09-19T04:03:13+00:00,,,,98.77,3.7998,2.361,SPOKOJ
2026-09-19T05:02:53+00:00,6.344,7.105,7.522,99.29,3.7998,2.373,SPOKOJ
2026-09-19T06:03:49+00:00,6.344,7.105,7.522,99.29,3.7998,2.373,SPOKOJ
2026-09-19T07:02:53+00:00,6.344,7.105,7.522,99.29,4.0893,2.554,SPOKOJ
2026-09-19T08:03:20+00:00,6.344,7.105,7.522,99.29,3.7998,2.373,SPOKOJ
2026-09-19T09:02:55+00:00,6.344,7.105,7.522,99.29,3.7998,2.373,SPOKOJ
2026-09-19T10:03:08+00:00,6.344,7.105,7.522,99.29,3.7998,2.373,SPOKOJ
2026-09-19T11:02:57+00:00,6.344,7.105,7.522,99.29,3.7998,2.373,SPOKOJ
2026-09-19T12:03:39+00:00,6.344,7.105,7.522,99.29,3.7998,2.373,SPOKOJ
2026-09-19T13:02:54+00:00,6.344,7.105,7.522,99.29,3.7998,2.373,SPOKOJ
2026-09-19T14:03:09+00:00,6.344,7.105,7.522,99.29,3.7998,2.373,SPOKOJ
2026-09-19T15:02:46+00:00,6.344,7.105,7.522,99.29,3.7998,2.373,SPOKOJ
2026-09-19T16:03:09+00:00,6.344,7.105,7.522,99.29,3.7998,2.373,SPOKOJ
2026-09-19T17:03:04+00:00,6.344,7.105,7.522,99.29,3.7998,2.373,SPOKOJ
2026-09-19T18:03:08+00:00,6.344,7.105,7.522,99.29,3.7998,2.373,SPOKOJ
2026-09-19T19:02:46+00:00,6.344,7.105,7.522,99.29,3.7998,2.373,SPOKOJ
2026-09-20T03:03:15+00:00,6.344,7.105,7.522,99.29,3.7998,2.373,SPOKOJ
2026-09-20T04:03:19+00:00,6.344,7.105,7.522,99.29,3.7998,2.373,SPOKOJ
2026-09-20T05:03:11+00:00,6.344,7.105,7.522,99.29,3.7998,2.373,SPOKOJ
2026-09-20T06:03:44+00:00,6.344,7.105,7.522,99.29,3.7998,2.373,SPOKOJ
2026-09-20T07:02:58+00:00,6.344,7.105,7.522,99.29,3.7998,2.373,SPOKOJ
2026-09-20T08:03:04+00:00,6.344,7.105,7.522,99.29,3.7998,2.373,SPOKOJ
2026-09-20T09:03:08+00:00,6.344,7.105,7.522,99.29,3.7998,2.373,SPOKOJ
2026-09-20T10:02:58+00:00,6.344,7.105,7.522,99.29,3.7998,2.373,SPOKOJ
2026-09-20T11:03:04+00:00,6.344,7.105,7.522,99.29,3.7998,2.373,SPOKOJ
2026-09-20T12:03:43+00:00,6.344,7.105,7.522,99.29,3.7998,2.373,SPOKOJ
2026-09-20T13:02:32+00:00,6.344,7.105,7.522,99.29,3.7998,2.373,SPOKOJ
2026-09-20T14:03:08+00:00,6.344,7.105,7.522,99.29,3.7998,2.373,SPOKOJ
2026-09-20T15:02:50+00:00,6.344,7.105,7.522,99.29,3.7998,2.373,SPOKOJ
2026-09-20T16:02:57+00:00,,,,99.29,3.7998,2.373,SPOKOJ
2026-09-20T17:02:50+00:00,6.344,7.105,7.522,99.29,3.7998,2.373,SPOKOJ
2026-09-20T18:03:27+00:00,,,,99.29,3.7998,2.373,SPOKOJ
2026-09-20T19:02:53+00:00,6.344,7.105,7.522,99.29,3.7998,2.373,SPOKOJ
2026-09-21T03:02:59+00:00,6.344,7.105,7.522,97.32,3.7998,2.326,SPOKOJ
2026-09-21T04:03:33+00:00,6.344,7.105,7.522,97.35,3.7998,2.327,SPOKOJ
2026-09-21T05:03:46+00:00,6.344,7.105,7.522,97.54,3.7998,2.331,SPOKOJ
2026-09-21T06:04:29+00:00,,,,98.13,3.7998,2.345,SPOKOJ
2026-09-21T07:04:50+00:00,6.344,7.105,7.522,97.83,3.7998,2.338,SPOKOJ
2026-09-21T08:03:08+00:00,6.344,7.105,7.522,97.6,3.7998,2.333,SPOKOJ
2026-09-21T09:03:23+00:00,6.344,7.105,7.522,97.52,3.7998,2.331,SPOKOJ
2026-09-21T10:03:09+00:00,6.344,7.105,7.522,97.4,3.7931,2.324,SPOKOJ
2026-09-21T11:03:06+00:00,6.344,7.105,7.522,96.51,3.7931,2.303,SPOKOJ
2026-09-21T12:03:54+00:00,6.344,7.105,7.522,96.94,3.7931,2.313,SPOKOJ
2026-09-21T13:02:57+00:00,6.344,7.105,7.522,101.21,3.7931,2.415,UWAGA
2026-09-21T14:03:23+00:00,6.344,7.105,7.522,100.73,3.7931,2.403,SPOKOJ
2026-09-21T15:03:09+00:00,6.344,7.105,7.522,100.08,3.7931,2.388,SPOKOJ
2026-09-21T16:03:10+00:00,6.344,7.105,7.522,95.96,3.7931,2.289,UWAGA
2026-09-21T17:02:50+00:00,6.344,7.105,7.522,95.27,3.7931,2.273,SPOKOJ
2026-09-21T18:03:51+00:00,6.344,7.105,7.522,95.93,3.7931,2.289,SPOKOJ
2026-09-21T19:02:38+00:00,6.344,7.105,7.522,96.41,3.7931,2.3,SPOKOJ
2026-09-22T03:03:01+00:00,6.283,7.04,7.44,97.07,3.7931,2.316,CZEKAJ
2026-09-22T04:02:55+00:00,6.283,7.04,7.44,97.01,3.7931,2.314,SPOKOJ
2026-09-22T05:03:11+00:00,6.283,7.04,7.44,97.48,3.7931,2.326,SPOKOJ
2026-09-22T06:04:03+00:00,,,,97.58,3.7931,2.328,SPOKOJ
2026-09-22T07:04:05+00:00,6.283,7.04,7.44,97.53,3.7931,2.327,SPOKOJ
2026-09-22T08:03:10+00:00,6.283,7.04,7.44,101.66,3.7931,2.425,UWAGA
2026-09-22T09:03:00+00:00,6.283,7.04,7.44,98.96,3.7931,2.361,SPOKOJ
2026-09-22T10:03:21+00:00,6.283,7.04,7.44,98.66,3.7934,2.354,SPOKOJ
2026-09-22T11:03:25+00:00,,,,97.48,3.7934,2.326,SPOKOJ
2026-09-22T12:03:22+00:00,6.283,7.04,7.44,98.19,3.7934,2.343,SPOKOJ
2026-09-22T13:03:59+00:00,6.283,7.04,7.44,98.72,3.7934,2.355,SPOKOJ
2026-09-22T14:03:18+00:00,6.283,7.04,7.44,98.96,3.7934,2.361,SPOKOJ
2026-09-22T15:03:22+00:00,6.283,7.04,7.44,99.98,3.7934,2.386,SPOKOJ
2026-09-22T16:03:17+00:00,6.283,7.04,7.44,100.14,3.7934,2.389,SPOKOJ
2026-09-22T17:02:58+00:00,6.283,7.04,7.44,99.93,3.7934,2.384,SPOKOJ
2026-09-22T18:03:44+00:00,6.283,7.04,7.44,99.19,3.7934,2.367,SPOKOJ
2026-09-22T19:02:27+00:00,,,,99.36,3.7934,2.371,SPOKOJ
2026-09-23T03:03:14+00:00,6.237,6.989,7.347,98.76,3.7934,2.356,CZEKAJ
2026-09-23T04:03:06+00:00,6.237,6.989,7.347,98.18,3.7934,2.343,SPOKOJ
2026-09-23T05:02:57+00:00,6.237,6.989,7.347,98.0,3.7934,2.338,SPOKOJ
2026-09-23T06:04:11+00:00,6.237,6.989,7.347,98.62,3.7934,2.353,SPOKOJ
2026-09-23T07:04:11+00:00,6.237,6.989,7.347,98.56,3.7934,2.352,SPOKOJ
2026-09-23T08:03:13+00:00,6.237,6.989,7.347,95.3,3.7934,2.274,UWAGA
2026-09-23T09:02:58+00:00,6.237,6.989,7.347,95.73,3.7934,2.284,SPOKOJ
2026-09-23T10:02:57+00:00,6.237,6.989,7.347,95.9,3.8175,2.303,SPOKOJ
2026-09-23T11:03:01+00:00,6.237,6.989,7.347,95.42,3.8175,2.291,SPOKOJ
2026-09-23T12:04:03+00:00,6.237,6.989,7.347,96.19,3.8175,2.31,SPOKOJ
2026-09-23T13:04:48+00:00,6.237,6.989,7.347,96.43,3.8175,2.315,SPOKOJ
2026-09-23T14:03:38+00:00,6.237,6.989,7.347,97.29,3.8175,2.336,SPOKOJ
2026-09-23T15:03:02+00:00,6.237,6.989,7.347,97.55,3.8175,2.342,SPOKOJ
2026-09-23T16:03:19+00:00,6.237,6.989,7.347,98.16,3.8175,2.357,SPOKOJ
2026-09-23T17:03:03+00:00,6.237,6.989,7.347,97.96,3.8175,2.352,SPOKOJ
2026-09-23T18:04:01+00:00,6.237,6.989,7.347,97.67,3.8175,2.345,SPOKOJ
2026-09-23T19:02:36+00:00,6.237,6.989,7.347,98.4,3.8175,2.363,SPOKOJ
2026-09-24T03:03:08+00:00,6.268,7.072,7.342,97.36,3.8175,2.338,TANKUJ
2026-09-24T04:03:04+00:00,6.268,7.072,7.342,97.21,3.8175,2.334,SPOKOJ
2026-09-24T05:02:59+00:00,6.268,7.072,7.342,97.44,3.8175,2.34,SPOKOJ
2026-09-24T06:03:55+00:00,6.268,7.072,7.342,98.15,3.8175,2.357,SPOKOJ
2026-09-24T07:04:10+00:00,6.268,7.072,7.342,98.74,3.8175,2.371,SPOKOJ
2026-09-24T08:03:14+00:00,6.268,7.072,7.342,98.43,3.8175,2.363,SPOKOJ
2026-09-24T09:03:15+00:00,6.268,7.072,7.342,100.59,3.8175,2.415,SPOKOJ
2026-09-24T10:03:09+00:00,6.268,7.072,7.342,105.44,3.857,2.558,UWAGA
2026-09-24T11:03:11+00:00,6.268,7.072,7.342,104.43,3.857,2.533,SPOKOJ
2026-09-24T12:04:11+00:00,6.268,7.072,7.342,104.92,3.857,2.545,SPOKOJ
2026-09-24T13:04:12+00:00,6.268,7.072,7.342,99.76,3.857,2.42,UWAGA
2026-09-24T14:03:27+00:00,6.268,7.072,7.342,100.05,3.857,2.427,SPOKOJ
2026-09-24T15:04:19+00:00,6.268,7.072,7.342,101.01,3.857,2.45,SPOKOJ
2026-09-24T16:03:20+00:00,6.268,7.072,7.342,107.75,3.857,2.614,UWAGA
2026-09-24T17:02:59+00:00,6.268,7.072,7.342,105.12,3.857,2.55,SPOKOJ
2026-09-24T18:04:02+00:00,6.268,7.072,7.342,107.19,3.857,2.6,SPOKOJ
2026-09-24T19:03:22+00:00,6.268,7.072,7.342,106.39,3.857,2.581,SPOKOJ
2026-09-25T03:03:09+00:00,6.469,7.291,7.483,105.7,3.857,2.564,TANKUJ
2026-09-25T04:03:10+00:00,6.469,7.291,7.483,105.64,3.857,2.563,SPOKOJ
2026-09-25T05:02:51+00:00,6.469,7.291,7.483,105.68,3.857,2.564,SPOKOJ
2026-09-25T06:03:51+00:00,6.469,7.291,7.483,105.24,3.857,2.553,SPOKOJ
2026-09-25T07:03:59+00:00,6.469,7.291,7.483,105.6,3.857,2.562,SPOKOJ
2026-09-25T08:03:11+00:00,6.469,7.291,7.483,99.42,3.857,2.412,UWAGA
2026-09-25T09:03:29+00:00,6.469,7.291,7.483,98.38,3.857,2.387,SPOKOJ
2026-09-25T10:03:09+00:00,6.469,7.291,7.483,98.99,3.8404,2.391,SPOKOJ
2026-09-25T11:03:06+00:00,6.469,7.291,7.483,98.91,3.8404,2.389,SPOKOJ
2026-09-25T12:04:20+00:00,6.469,7.291,7.483,98.27,3.8404,2.374,SPOKOJ
2026-09-25T13:05:07+00:00,6.469,7.291,7.483,98.36,3.8404,2.376,SPOKOJ
2026-09-25T14:03:40+00:00,6.469,7.291,7.483,98.78,3.8404,2.386,SPOKOJ
2026-09-25T15:03:37+00:00,6.469,7.291,7.483,99.38,3.8404,2.401,SPOKOJ
2026-09-25T16:03:35+00:00,6.469,7.291,7.483,99.32,3.8404,2.399,SPOKOJ
2026-09-25T17:02:26+00:00,6.469,7.291,7.483,96.8,3.8404,2.338,SPOKOJ
2026-09-25T18:03:11+00:00,6.469,7.291,7.483,97.02,3.8404,2.344,SPOKOJ
2026-09-25T19:03:10+00:00,6.469,7.291,7.483,97.14,3.8404,2.346,SPOKOJ
2026-09-26T03:02:47+00:00,6.358,7.168,7.442,97.47,3.8404,2.354,CZEKAJ
2026-09-26T04:03:04+00:00,6.358,7.168,7.442,97.47,3.8404,2.354,SPOKOJ
2026-09-26T05:02:43+00:00,6.358,7.168,7.442,97.44,3.8404,2.354,SPOKOJ
2026-09-26T06:03:51+00:00,6.358,7.168,7.442,97.44,3.8404,2.354,SPOKOJ
2026-09-26T07:03:15+00:00,6.358,7.168,7.442,97.44,3.8404,2.354,SPOKOJ
2026-09-26T08:03:46+00:00,6.358,7.168,7.442,97.44,3.8404,2.354,SPOKOJ
2026-09-26T09:03:05+00:00,6.358,7.168,7.442,97.44,3.8404,2.354,SPOKOJ
2026-09-26T10:02:59+00:00,6.358,7.168,7.442,97.44,3.8404,2.354,SPOKOJ
2026-09-26T11:03:05+00:00,6.358,7.168,7.442,97.44,3.8404,2.354,SPOKOJ
2026-09-26T12:03:39+00:00,6.358,7.168,7.442,97.44,3.8404,2.354,SPOKOJ
2026-09-26T13:02:42+00:00,6.358,7.168,7.442,97.44,3.8404,2.354,SPOKOJ
2026-09-26T14:03:08+00:00,6.358,7.168,7.442,97.44,3.8404,2.354,SPOKOJ
2026-09-26T15:03:13+00:00,6.358,7.168,7.442,97.44,3.8404,2.354,SPOKOJ
2026-09-26T16:03:32+00:00,6.358,7.168,7.442,97.44,3.8404,2.354,SPOKOJ
2026-09-26T17:02:51+00:00,6.358,7.168,7.442,97.44,3.8404,2.354,SPOKOJ
2026-09-26T18:03:24+00:00,6.358,7.168,7.442,97.44,3.8404,2.354,SPOKOJ
2026-09-26T19:02:30+00:00,6.358,7.168,7.442,97.44,3.8404,2.354,SPOKOJ
2026-09-27T03:03:13+00:00,6.358,7.168,7.442,97.44,3.8404,2.354,SPOKOJ
2026-09-27T04:03:08+00:00,6.358,7.168,7.442,97.44,3.8404,2.354,SPOKOJ
2026-09-27T05:03:36+00:00,6.358,7.168,7.442,97.44,3.8404,2.354,SPOKOJ
2026-09-27T06:03:53+00:00,6.358,7.168,7.442,97.44,3.8404,2.354,SPOKOJ
2026-09-27T07:03:50+00:00,6.358,7.168,7.442,97.44,3.8404,2.354,SPOKOJ
2026-09-27T08:03:05+00:00,6.358,7.168,7.442,97.44,3.8404,2.354,SPOKOJ
2026-09-27T09:02:58+00:00,6.358,7.168,7.442,97.44,3.8404,2.354,SPOKOJ
2026-09-27T10:03:03+00:00,6.358,7.168,7.442,97.44,3.8404,2.354,SPOKOJ
2026-09-27T11:02:59+00:00,6.358,7.168,7.442,97.44,3.8404,2.354,SPOKOJ
2026-09-27T12:03:57+00:00,6.358,7.168,7.442,97.44,3.8404,2.354,SPOKOJ
2026-09-27T13:03:12+00:00,6.358,7.168,7.442,97.44,3.8404,2.354,SPOKOJ
2026-09-27T14:03:02+00:00,6.358,7.168,7.442,97.44,3.8404,2.354,SPOKOJ
2026-09-27T15:03:06+00:00,6.358,7.168,7.442,97.44,3.8404,2.354,SPOKOJ
2026-09-27T16:03:13+00:00,6.358,7.168,7.442,97.44,3.8404,2.354,SPOKOJ
2026-09-27T17:02:55+00:00,6.358,7.168,7.442,97.44,3.8404,2.354,SPOKOJ
2026-09-27T18:03:38+00:00,6.358,7.168,7.442,97.44,3.8404,2.354,SPOKOJ
2026-09-27T19:02:44+00:00,6.358,7.168,7.442,97.44,3.8404,2.354,SPOKOJ
2026-09-28T03:03:48+00:00,6.358,7.168,7.442,98.52,3.8404,2.38,SPOKOJ
2026-09-28T04:04:06+00:00,,,,98.76,3.8404,2.386,SPOKOJ
2026-09-28T05:03:52+00:00,6.358,7.168,7.442,99.18,3.8404,2.396,SPOKOJ
2026-09-28T06:04:20+00:00,,,,99.15,3.8404,2.395,SPOKOJ
2026-09-28T07:06:15+00:00,6.358,7.168,7.442,98.39,3.8404,2.377,SPOKOJ
2026-09-28T08:05:18+00:00,6.358,7.168,7.442,99.17,3.8404,2.395,SPOKOJ
2026-09-28T09:05:06+00:00,6.358,7.168,7.442,100.57,3.8404,2.429,SPOKOJ
2026-09-28T10:04:56+00:00,6.358,7.168,7.442,100.8,3.8478,2.44,SPOKOJ
2026-09-28T11:03:56+00:00,6.358,7.168,7.442,100.91,3.8478,2.442,SPOKOJ
2026-09-28T12:04:15+00:00,,,,100.54,3.8478,2.433,SPOKOJ
2026-09-28T13:04:58+00:00,6.358,7.168,7.442,99.0,3.8478,2.396,SPOKOJ
2026-09-28T14:06:09+00:00,6.358,7.168,7.442,98.95,3.8478,2.395,SPOKOJ
2026-09-28T15:06:22+00:00,6.358,7.168,7.442,100.22,3.8478,2.426,SPOKOJ
2026-09-28T16:05:22+00:00,,,,99.98,3.8478,2.42,SPOKOJ
2026-09-28T17:04:31+00:00,6.358,7.168,7.442,98.02,3.8478,2.372,SPOKOJ
2026-09-28T18:04:07+00:00,6.358,7.168,7.442,97.65,3.8478,2.363,SPOKOJ
2026-09-28T19:04:52+00:00,6.358,7.168,7.442,97.72,3.8478,2.365,SPOKOJ
2026-09-29T03:03:52+00:00,6.26,7.053,7.363,99.43,3.8478,2.406,CZEKAJ
2026-09-29T04:03:29+00:00,6.26,7.053,7.363,99.57,3.8478,2.41,SPOKOJ
2026-09-29T05:03:44+00:00,6.26,7.053,7.363,99.83,3.8478,2.416,SPOKOJ
2026-09-29T06:04:37+00:00,6.26,7.053,7.363,99.72,3.8478,2.413,SPOKOJ
2026-09-29T07:06:14+00:00,6.26,7.053,7.363,99.36,3.8478,2.405,SPOKOJ
2026-09-29T08:05:31+00:00,6.26,7.053,7.363,98.52,3.8478,2.384,SPOKOJ
2026-09-29T09:05:10+00:00,6.26,7.053,7.363,97.93,3.8478,2.37,SPOKOJ
2026-09-29T10:04:34+00:00,6.26,7.053,7.363,97.48,3.8537,2.363,SPOKOJ
2026-09-29T11:03:52+00:00,6.26,7.053,7.363,97.12,3.8537,2.354,SPOKOJ
2026-09-29T12:04:51+00:00,6.26,7.053,7.363,96.67,3.8537,2.343,SPOKOJ
2026-09-29T13:07:04+00:00,6.26,7.053,7.363,96.17,3.8537,2.331,SPOKOJ
2026-09-29T14:05:51+00:00,6.26,7.053,7.363,96.26,3.8537,2.333,SPOKOJ
2026-09-29T15:07:02+00:00,6.26,7.053,7.363,96.83,3.8537,2.347,SPOKOJ
2026-09-29T16:05:42+00:00,,,,96.89,3.8537,2.349,SPOKOJ
2026-09-29T17:04:02+00:00,6.26,7.053,7.363,96.87,3.8537,2.348,SPOKOJ
2026-09-29T18:05:45+00:00,6.26,7.053,7.363,96.63,3.8537,2.342,SPOKOJ
2026-09-29T19:05:02+00:00,,,,96.13,3.8537,2.33,SPOKOJ
2026-09-30T03:03:39+00:00,6.141,6.936,7.255,96.34,3.8537,2.335,CZEKAJ
2026-09-30T04:04:19+00:00,6.141,6.936,7.255,96.52,3.8537,2.34,SPOKOJ
2026-09-30T05:04:30+00:00,6.141,6.936,7.255,96.31,3.8537,2.334,SPOKOJ
2026-09-30T06:04:23+00:00,6.141,6.936,7.255,96.38,3.8537,2.336,SPOKOJ
2026-09-30T07:06:12+00:00,6.141,6.936,7.255,96.48,3.8537,2.339,SPOKOJ
2026-09-30T08:06:02+00:00,6.141,6.936,7.255,96.13,3.8537,2.33,SPOKOJ
2026-09-30T09:04:18+00:00,6.141,6.936,7.255,96.8,3.8537,2.346,SPOKOJ
2026-09-30T10:05:07+00:00,6.141,6.936,7.255,97.21,3.8449,2.351,SPOKOJ
2026-09-30T11:04:29+00:00,6.141,6.936,7.255,97.53,3.8449,2.359,SPOKOJ
2026-09-30T12:05:19+00:00,6.141,6.936,7.255,97.84,3.8449,2.366,SPOKOJ
2026-09-30T13:07:57+00:00,6.141,6.936,7.255,97.57,3.8449,2.36,SPOKOJ
2026-09-30T14:07:09+00:00,6.141,6.936,7.255,98.43,3.8449,2.38,SPOKOJ
2026-09-30T15:08:21+00:00,,,,99.03,3.8449,2.395,SPOKOJ
2026-09-30T16:06:16+00:00,6.141,6.936,7.255,98.82,3.8449,2.39,SPOKOJ
2026-09-30T17:04:41+00:00,6.141,6.936,7.255,98.69,3.8449,2.387,SPOKOJ
2026-09-30T18:04:42+00:00,6.141,6.936,7.255,98.54,3.8449,2.383,SPOKOJ
2026-09-30T19:06:01+00:00,6.141,6.936,7.255,98.24,3.8449,2.376,SPOKOJ
2026-10-01T03:04:08+00:00,6.165,6.961,7.272,97.29,3.8449,2.353,TANKUJ
2026-10-01T04:05:06+00:00,6.165,6.961,7.272,96.97,3.8449,2.345,SPOKOJ
2026-10-01T05:04:35+00:00,6.165,6.961,7.272,96.96,3.8449,2.345,SPOKOJ
2026-10-01T06:06:53+00:00,6.165,6.961,7.272,97.3,3.8449,2.353,SPOKOJ
2026-10-01T07:06:06+00:00,6.165,6.961,7.272,98.31,3.8449,2.378,SPOKOJ
2026-10-01T08:05:39+00:00,6.165,6.961,7.272,99.68,3.8449,2.411,SPOKOJ
2026-10-01T09:04:56+00:00,6.165,6.961,7.272,100.75,3.8449,2.437,SPOKOJ
2026-10-01T10:06:02+00:00,6.165,6.961,7.272,100.65,3.8762,2.454,SPOKOJ
2026-10-01T11:05:15+00:00,6.165,6.961,7.272,99.64,3.8762,2.429,SPOKOJ
2026-10-01T12:06:50+00:00,6.165,6.961,7.272,99.93,3.8762,2.436,SPOKOJ
2026-10-01T13:07:00+00:00,6.165,6.961,7.272,100.18,3.8762,2.442,SPOKOJ
2026-10-01T14:06:32+00:00,6.165,6.961,7.272,100.95,3.8762,2.461,SPOKOJ
2026-10-01T15:04:53+00:00,6.165,6.961,7.272,101.19,3.8762,2.467,SPOKOJ
2026-10-01T16:04:42+00:00,6.165,6.961,7.272,101.7,3.8762,2.48,SPOKOJ
2026-10-01T17:06:05+00:00,6.165,6.961,7.272,101.34,3.8762,2.471,SPOKOJ
2026-10-01T18:06:15+00:00,6.165,6.961,7.272,102.06,3.8762,2.488,SPOKOJ
2026-10-01T19:04:13+00:00,6.165,6.961,7.272,102.37,3.8762,2.496,SPOKOJ
2026-10-02T03:04:39+00:00,6.218,7.019,7.28,102.33,3.8762,2.495,TANKUJ
2026-10-02T04:04:31+00:00,6.218,7.019,7.28,102.23,3.8762,2.492,SPOKOJ
2026-10-02T05:04:06+00:00,6.218,7.019,7.28,102.37,3.8762,2.496,SPOKOJ
2026-10-02T06:04:43+00:00,6.218,7.019,7.28,102.3,3.8762,2.494,SPOKOJ
2026-10-02T07:06:06+00:00,6.218,7.019,7.28,101.4,3.8762,2.472,SPOKOJ
2026-10-02T08:05:18+00:00,6.218,7.019,7.28,101.01,3.8762,2.463,SPOKOJ
2026-10-02T09:05:17+00:00,6.218,7.019,7.28,99.16,3.8762,2.418,SPOKOJ
2026-10-02T10:03:21+00:00,6.218,7.019,7.28,99.56,3.8881,2.435,SPOKOJ
2026-10-02T11:03:38+00:00,6.218,7.019,7.28,99.97,3.8881,2.445,SPOKOJ
2026-10-02T12:04:43+00:00,6.218,7.019,7.28,99.66,3.8881,2.437,SPOKOJ
2026-10-02T13:06:16+00:00,6.218,7.019,7.28,99.55,3.8881,2.435,SPOKOJ
2026-10-02T14:05:37+00:00,6.218,7.019,7.28,100.43,3.8881,2.456,SPOKOJ
2026-10-02T15:05:10+00:00,6.218,7.019,7.28,100.29,3.8881,2.453,SPOKOJ
2026-10-02T16:04:14+00:00,6.218,7.019,7.28,101.48,3.8881,2.482,SPOKOJ
2026-10-02T17:04:03+00:00,6.218,7.019,7.28,102.3,3.8881,2.502,SPOKOJ
2026-10-02T18:05:01+00:00,6.218,7.019,7.28,102.29,3.8881,2.502,SPOKOJ
2026-10-02T19:05:07+00:00,6.218,7.019,7.28,102.36,3.8881,2.503,SPOKOJ
2026-10-03T03:14:02+00:00,5.986,6.793,6.943,102.7,3.8881,2.512,CZEKAJ
2026-10-03T04:08:42+00:00,5.986,6.793,6.943,102.7,3.8881,2.512,SPOKOJ
2026-10-03T05:03:22+00:00,5.986,6.793,6.943,102.25,3.8881,2.501,SPOKOJ
2026-10-03T06:09:57+00:00,5.986,6.793,6.943,102.25,3.8881,2.501,SPOKOJ
2026-10-03T07:10:19+00:00,5.986,6.793,6.943,102.25,3.8881,2.501,SPOKOJ
2026-10-03T08:04:02+00:00,5.986,6.793,6.943,102.25,3.8881,2.501,SPOKOJ
2026-10-03T09:05:41+00:00,5.986,6.793,6.943,102.25,3.8881,2.501,SPOKOJ
2026-10-03T10:02:53+00:00,5.986,6.793,6.943,102.25,3.8881,2.501,SPOKOJ
2026-10-03T11:50:49+00:00,5.986,6.793,6.943,102.25,3.8881,2.501,SPOKOJ
2026-10-03T14:51:54+00:00,5.986,6.793,6.943,102.25,3.8881,2.501,SPOKOJ
2026-10-03T18:47:43+00:00,5.986,6.793,6.943,102.25,3.8881,2.501,SPOKOJ
2026-10-04T02:24:44+00:00,5.986,6.793,6.943,102.25,3.8881,2.501,SPOKOJ
2026-10-04T04:32:29+00:00,5.986,6.793,6.943,102.25,3.8881,2.501,SPOKOJ
2026-10-04T10:57:45+00:00,5.986,6.793,6.943,102.25,3.8881,2.501,SPOKOJ
2026-10-04T17:35:38+00:00,5.986,6.793,6.943,102.25,3.8881,2.501,SPOKOJ
2026-10-04T21:06:32+00:00,5.986,6.793,6.943,102.25,3.8881,2.501,SPOKOJ
2026-10-05T03:05:11+00:00,5.986,6.793,6.943,101.55,3.8881,2.483,SPOKOJ
2026-10-05T04:07:41+00:00,5.986,6.793,6.943,101.35,3.8881,2.479,SPOKOJ
2026-10-05T05:17:40+00:00,5.986,6.793,6.943,101.51,3.8881,2.482,SPOKOJ
2026-10-05T06:08:24+00:00,5.986,6.793,6.943,101.49,3.8881,2.482,SPOKOJ
2026-10-05T07:10:19+00:00,5.986,6.793,6.943,101.54,3.8881,2.483,SPOKOJ
2026-10-05T08:05:58+00:00,5.986,6.793,6.943,101.25,3.8881,2.476,SPOKOJ
2026-10-05T09:06:17+00:00,5.986,6.793,6.943,102.3,3.8881,2.502,SPOKOJ
2026-10-05T10:07:06+00:00,5.986,6.793,6.943,102.38,3.9116,2.519,SPOKOJ
2026-10-05T11:05:20+00:00,5.986,6.793,6.943,102.19,3.9116,2.514,SPOKOJ
2026-10-05T12:05:46+00:00,5.986,6.793,6.943,102.6,3.9116,2.524,SPOKOJ
2026-10-05T13:09:16+00:00,,,,102.36,3.9116,2.518,SPOKOJ
2026-10-05T14:07:41+00:00,,,,101.45,3.9116,2.496,SPOKOJ
2026-10-05T15:07:00+00:00,5.986,6.793,6.943,101.92,3.9116,2.508,SPOKOJ
2026-10-05T16:04:52+00:00,5.986,6.793,6.943,101.21,3.9116,2.49,SPOKOJ
2026-10-05T17:04:10+00:00,5.986,6.793,6.943,100.85,3.9116,2.481,SPOKOJ
2026-10-05T18:06:50+00:00,,,,100.92,3.9116,2.483,SPOKOJ
2026-10-06T03:04:34+00:00,,,,100.76,3.9116,2.479,SPOKOJ
2026-10-06T04:05:40+00:00,,,,100.78,3.9116,2.48,SPOKOJ
2026-10-06T05:05:09+00:00,,,,100.96,3.9116,2.484,SPOKOJ
2026-10-06T06:05:13+00:00,6.049,6.864,6.919,100.7,3.9116,2.478,TANKUJ
2026-10-06T07:06:40+00:00,6.049,6.864,6.919,99.65,3.9116,2.452,SPOKOJ
2026-10-06T08:06:11+00:00,,,,99.76,3.9116,2.454,SPOKOJ
2026-10-06T09:05:44+00:00,,,,99.1,3.9116,2.438,SPOKOJ
2026-10-06T10:04:59+00:00,6.049,6.864,6.919,98.37,3.8868,2.405,SPOKOJ
2026-10-06T11:05:29+00:00,6.049,6.864,6.919,98.08,3.8868,2.398,SPOKOJ
2026-10-06T12:05:31+00:00,6.049,6.864,6.919,98.15,3.8868,2.4,SPOKOJ
2026-10-06T13:06:53+00:00,,,,97.37,3.8868,2.38,SPOKOJ
2026-10-06T14:07:10+00:00,6.049,6.864,6.919,98.09,3.8868,2.398,SPOKOJ
2026-10-06T15:07:43+00:00,,,,98.41,3.8868,2.406,SPOKOJ
2026-10-06T16:06:04+00:00,6.049,6.864,6.919,99.2,3.8868,2.425,SPOKOJ
2026-10-06T17:04:39+00:00,6.049,6.864,6.919,100.15,3.8868,2.448,SPOKOJ
2026-10-06T18:04:12+00:00,6.049,6.864,6.919,100.36,3.8868,2.454,SPOKOJ
2026-10-06T19:04:17+00:00,6.049,6.864,6.919,100.79,3.8868,2.464,SPOKOJ
2026-10-07T03:05:18+00:00,,,,101.45,3.8868,2.48,SPOKOJ
2026-10-07T04:04:38+00:00,6.025,6.835,6.864,101.55,3.8868,2.483,CZEKAJ
2026-10-07T05:05:14+00:00,6.025,6.835,6.864,101.35,3.8868,2.478,SPOKOJ
2026-10-07T06:04:27+00:00,6.025,6.835,6.864,101.18,3.8868,2.474,SPOKOJ
2026-10-07T07:07:20+00:00,6.025,6.835,6.864,101.48,3.8868,2.481,SPOKOJ
2026-10-07T08:06:18+00:00,6.025,6.835,6.864,101.46,3.8868,2.48,SPOKOJ
2026-10-07T09:05:26+00:00,6.025,6.835,6.864,101.05,3.8868,2.47,SPOKOJ
2026-10-07T10:06:07+00:00,6.025,6.835,6.864,102.0,3.9111,2.509,SPOKOJ
2026-10-07T11:05:40+00:00,6.025,6.835,6.864,102.01,3.9111,2.509,SPOKOJ
2026-10-07T12:06:41+00:00,6.025,6.835,6.864,101.28,3.9111,2.492,SPOKOJ
2026-10-07T13:09:41+00:00,6.025,6.835,6.864,101.65,3.9111,2.501,SPOKOJ
2026-10-07T14:05:04+00:00,6.025,6.835,6.864,101.93,3.9111,2.507,SPOKOJ
